step,rl-loss,episode
48,0,0
2106,0.16121304035186768,100
4298,0.15247441828250885,200
6621,0.20526230335235596,300
8810,0.15010711550712585,400
11218,0.06441798806190491,500
13723,0.09924435615539551,600
16030,0.09155412018299103,700
18348,0.1269441694021225,800
20650,0.06851556897163391,900
