step,rl-loss,episode
54,0,0
2334,0.16705770790576935,100
4755,0.070410817861557,200
7247,0.08132681250572205,300
9755,0.06151990592479706,400
12076,0.1367400735616684,500
14589,0.11640265583992004,600
17094,0.12422950565814972,700
19227,0.041915442794561386,800
21619,0.0631815642118454,900
