step,rl-loss,episode
13,0,0
2183,0.32515695691108704,100
4457,0.149537593126297,200
6634,0.0794670432806015,300
8843,0.14233137667179108,400
11547,0.18831978738307953,500
14151,0.0466272309422493,600
16386,0.044938020408153534,700
18525,0.044337980449199677,800
20883,0.06197574734687805,900
